{
  "class_names": [
    "1",
    "2",
    "3",
    "4",
    "5",
    "6",
    "7",
    "8",
    "9",
    "A",
    "B",
    "C",
    "D",
    "E",
    "F",
    "G",
    "H",
    "I",
    "J",
    "K",
    "L",
    "M",
    "N",
    "O",
    "P",
    "Q",
    "R",
    "S",
    "T",
    "U",
    "V",
    "W",
    "X",
    "Y",
    "Z"
  ],
  "feature_count": 126,
  "num_classes": 35,
  "training_samples": 33544,
  "validation_samples": 8386,
  "train_accuracy": 1.0,
  "val_accuracy": 0.9995230436325073,
  "total_params": 243619,
  "training_duration_minutes": 5.878518316666667,
  "mean": [
    0.5174520861765252,
    0.6753747167141703,
    7.94852531961995e-08,
    0.47918408777011257,
    0.6231400740699611,
    -0.04536468466587284,
    0.45558113831020103,
    0.5497599372176034,
    -0.07943043959316771,
    0.45553454406117017,
    0.5045813082623405,
    -0.11115781752727041,
    0.461856369932213,
    0.4787129525911714,
    -0.14042970197936896,
    0.4781536153551647,
    0.4308007259096887,
    -0.0660718368514548,
    0.47464410835117876,
    0.35815077700296577,
    -0.11590197293390551,
    0.4754334312157104,
    0.33057940363219407,
    -0.14523277309169055,
    0.4768042104094403,
    0.3053267932507848,
    -0.16420267887279022,
    0.5113430491997111,
    0.44855784800338083,
    -0.07222602585955351,
    0.5089134098535046,
    0.41945401014235506,
    -0.12399639886799738,
    0.5067596387847523,
    0.4399156512290545,
    -0.13792681259052886,
    0.5078563088364144,
    0.4328956862871157,
    -0.14167765866244877,
    0.5386674163092329,
    0.48881991757499754,
    -0.0831820453551283,
    0.5382607874663753,
    0.476112885170632,
    -0.13565847750939627,
    0.5291343906526061,
    0.5065509630502649,
    -0.13109829754214486,
    0.5249228064957877,
    0.5087543610478966,
    -0.1196448063405734,
    0.5617234855716137,
    0.541108673790169,
    -0.0978402827825946,
    0.5593586310374689,
    0.5341689827610958,
    -0.13598687951528526,
    0.5491475082327977,
    0.5525431347607983,
    -0.12893910343368345,
    0.5437869017316935,
    0.5547633048442818,
    -0.11714266839988267,
    0.16993793798177445,
    0.23442992724597297,
    3.670591001955426e-08,
    0.17460885449316405,
    0.2235918066923029,
    -0.00791661574130829,
    0.17766649181095648,
    0.2085914894680817,
    -0.017783360807771424,
    0.1824342768967166,
    0.20298273852719148,
    -0.02815831083930138,
    0.18629762909874664,
    0.1995280094755711,
    -0.037923092678214254,
    0.17525361350355698,
    0.1653845483541574,
    -0.02027263083769509,
    0.17980358461377843,
    0.14827884020745372,
    -0.03798189059293798,
    0.18188062749897244,
    0.13950225312432468,
    -0.04792166522673018,
    0.18384070975056077,
    0.131053111472094,
    -0.05363707714243628,
    0.17562977149389594,
    0.17183120303707108,
    -0.025714011952284323,
    0.184355281108949,
    0.1818864896843748,
    -0.043301020961207616,
    0.1817538870566505,
    0.191588719311063,
    -0.04622741252262798,
    0.1796608653752013,
    0.1893637901526091,
    -0.04568675083798025,
    0.17636593046782267,
    0.18701869176490593,
    -0.031952478601065794,
    0.1830363952716239,
    0.20394548131021942,
    -0.04878517621886871,
    0.17797524659098574,
    0.21428324866203882,
    -0.04486889891295238,
    0.1742095787251391,
    0.2120138712666241,
    -0.039057066195337664,
    0.17779619028907728,
    0.2061134887026299,
    -0.03887329987854723,
    0.18249268577465885,
    0.22127057670971217,
    -0.04947567116153494,
    0.17930449583693617,
    0.22815718396257847,
    -0.04460247077173522,
    0.17605795447123582,
    0.22599079667128785,
    -0.03879913232943111
  ],
  "std": [
    0.26516654386072136,
    0.22331529968078326,
    8.269460692047845e-07,
    0.20320531697857944,
    0.20388185541978338,
    0.046273783586805214,
    0.14505982358880268,
    0.1718775317805223,
    0.05929218746583784,
    0.12063396214075717,
    0.1629415182952773,
    0.06703164790662654,
    0.14340351139582055,
    0.17703321636646102,
    0.07657240883974349,
    0.13374568071131906,
    0.12131331122837431,
    0.055239088523845715,
    0.11659488513608227,
    0.11606207242472495,
    0.06532239956691438,
    0.13011452615142022,
    0.14309112851541306,
    0.06867456557950832,
    0.15938516062456237,
    0.17526806518939367,
    0.0721802919903534,
    0.14175159369960574,
    0.12811504070665214,
    0.04738167360097307,
    0.10271352681440096,
    0.13210731957456417,
    0.06474046326476587,
    0.12281061859665224,
    0.1693922078014312,
    0.06277063454676729,
    0.15169520701131636,
    0.2057080051136192,
    0.06271007373172417,
    0.16178631575607513,
    0.1456631457086421,
    0.05301378618677947,
    0.12659419493151153,
    0.14855024205884912,
    0.06800403107589746,
    0.13931428809873136,
    0.1618969180909806,
    0.059989370087475305,
    0.15989596119275679,
    0.18100902505933072,
    0.060091762352224035,
    0.18803694438470264,
    0.16604711425893595,
    0.0692227767043518,
    0.15690714210586612,
    0.16400110425014056,
    0.07529518583422412,
    0.16253946278616965,
    0.17288864950375463,
    0.06904515675211169,
    0.17586962428290145,
    0.1877348877913138,
    0.06807665076011882,
    0.28504451500755096,
    0.33575125564259767,
    3.543081275623669e-07,
    0.2611251522497985,
    0.3186066397964668,
    0.022497227366469537,
    0.24472199490720878,
    0.293150447338809,
    0.033706445395807,
    0.24230059990589742,
    0.2819866653896682,
    0.046389642486830716,
    0.24629993365542002,
    0.2779151172535255,
    0.06036855132497975,
    0.2428968922876716,
    0.2355975077795846,
    0.03613977189339804,
    0.2407703914337292,
    0.20991952826785118,
    0.05853850693421341,
    0.24310376932434458,
    0.20028742869696167,
    0.07169472036165947,
    0.24881464425557373,
    0.1940018611369649,
    0.0800000107050255,
    0.248589912628863,
    0.24399825277241394,
    0.04152433521216987,
    0.24522179238234926,
    0.2496651158897717,
    0.06532443793774985,
    0.2450895197215753,
    0.26474719199552255,
    0.06786221407260962,
    0.24733917933145722,
    0.2669939849077493,
    0.06669295786813974,
    0.25601245350829205,
    0.2645748661635133,
    0.05019547751358816,
    0.24718537357450615,
    0.28113822205621947,
    0.07161807432960708,
    0.2437865086916446,
    0.29728305018507944,
    0.06440902643479825,
    0.2436678477547763,
    0.29865917054230345,
    0.05640069496845373,
    0.2646656143437894,
    0.28997411422824193,
    0.06119374467078614,
    0.2532702675347843,
    0.3046405886825364,
    0.07314794159379878,
    0.25190604348495377,
    0.31561394850336555,
    0.06530271522857792,
    0.2533826747093968,
    0.3163172817143629,
    0.05812751907792673
  ],
  "supports_2_hands": true,
  "trained_on": "2025-11-07T21:09:33.407252"
}